id;doc;type;signed;created_at
1;mobile Fish;CV;false;2019-07-26T09:00:12
2;seamless Metal deposit;CV;true;2019-07-25T21:30:01
3;Electronics;CV;false;2019-07-26T19:28:19
4;Namibia;FACTURE;false;2019-07-26T14:26:20
5;Licensed Savings Account;FACTURE;false;2019-07-25T23:23:13
6;Yuan Renminbi Centers;ATTESTATION_DE_TRAVAIL;true;2019-07-26T06:30:24
7;envisioneer Music Public-key;FACTURE;false;2019-07-26T05:23:08
8;backing up Salad;FACTURE;false;2019-07-26T09:49:18
9;sky blue Georgia;ATTESTATION_DE_TRAVAIL;true;2019-07-26T09:13:53
10;e-enable Communications capacitor;CV;false;2019-07-26T07:31:32
